"ipm_id","state_variable","domain","n_meshpoints","integration_rule","kernel_id"
"aaaaa0","size","all_size",250,"gauss_legendre","K; P; F"
"aaaaa1","size","all_size",250,"gauss_legendre","K; P; F"
"aaaaa2","size","all_size",250,"gauss_legendre","K; P; F"
"aaaaa3","size","all_size",250,"gauss_legendre","K; P; F"
"aaaaa4","size","all_size",250,"gauss_legendre","K; P; F"
"aaaaa5","size","all_size",250,"gauss_legendre","K; P; F"
"aaaaa6","size","all_size",250,"gauss_legendre","K; P; F"
"aaaaa7","size","all_size",250,"gauss_legendre","K; P; F"
"aaaaa8","dbh","all_dbh",2400,"AES","K_yr; P_yr; F_yr"
"aaaaa9","nleaves","nleaves_all",NA,NA,"K; P; F"
"aaaa10","nleaves","nleaves_all",NA,NA,"K; P; F"
"aaaa11","nleaves","nleaves_all",NA,NA,"K; P; F"
"aaaa12","nleaves","nleaves_all",NA,NA,"K; P; F"
"aaaa13","nleaves","nleaves_all",NA,NA,"K; P; F"
"aaaa14","nleaves","nleaves_all",NA,NA,"K; P; F"
"aaaa15","leafarea","leafarea_all",50,"midpoint","K; P; F"
"aaaa16","leafarea","leafarea_all",50,"midpoint","K; P; F"
"aaaa17","size","size_all",100,"midpoint","K_yr; P_yr; F_yr"
"aaaa18","size","size_all",100,"midpoint","K_yr; P_yr; F_yr"
"aaaa19","size","size_all",100,"midpoint","K_yr; P_yr; F_yr"
"aaaa20","size","size_all",100,"midpoint","K_yr; P_yr; F_yr"
"aaaa21","size","size_all",500,"midpoint","K_yr; P_yr; F_yr; C_yr"
"aaaa22","logD","logD_all",NA,NA,"K; P; F"
"aaaa23","size","size_all",45,"midpoint","K_yr; P_yr; F_yr"
"aaaa24","size","size_most",299,"midpoint","K_le; P_le; inBG_le"
"aaaa25","size","size_most",299,"midpoint","K_le; P_le; inBG_le"
"aaaa26","size","size_most",299,"midpoint","K_le; P_le; inBG_le"
"aaaa27","size","size_most",299,"midpoint","K_le; P_le; inBG_le"
"aaaa28","size","size_most",299,"midpoint","K_le; P_le; inBG_le"
"aaaa29","size","size_most",299,"midpoint","K_le; P_le; inBG_le"
"aaaa30","size","size_most",299,"midpoint","K_le; P_le; inBG_le"
"aaaa31","size","size_most",299,"midpoint","K_le; P_le; inBG_le"
"aaaa32","size","size_most",299,"midpoint","K_le; P_le; inBG_le"
"aaaa33","nrosettes","nrosettes_all",59,"midpoint","K_yr; P_yr; F_yr"
"aaaa34","lnsize","lnsize_all",500,"midpoint","K; P; F"
"aaaa35","lnsize","lnsize_all",500,"midpoint","K; P; F"
"aaaa36","lnsize","lnsize_all",500,"midpoint","K; P; F"
"aaaa37","lnsize","lnsize_all",500,"midpoint","K; P; F"
"aaaa38","nleaves","nleaves_all",100,"midpoint","K_yr_pl; P_yr_pl; F_yr_pl"
"aaaa39","nleaves","nleaves_all",100,"midpoint","K_yr_pl; P_yr_pl; F_yr_pl"
"aaaa40","nleaves","nleaves_all",100,"midpoint","K_yr_pl; P_yr_pl; F_yr_pl"
"aaaa41","nleaves","nleaves_all",100,"midpoint","K_yr_pl; P_yr_pl; F_yr_pl"
"aaaa42","nleaves","nleaves_all",100,"midpoint","K_yr_pl; P_yr_pl; F_yr_pl"
"aaaa43","nleaves","nleaves_all",100,"midpoint","K_yr_pl; P_yr_pl; F_yr_pl"
"aaaa44","nleaves","nleaves_all",100,"midpoint","K_yr_pl; P_yr_pl; F_yr_pl"
"aaaa45","nleaves","nleaves_all",100,"midpoint","K_yr_pl; P_yr_pl; F_yr_pl"
"aaaa46","nleaves","nleaves_all",100,"midpoint","K_yr_pl; P_yr_pl; F_yr_pl"
"aaaa47","nleaves","nleaves_all",100,"midpoint","K_yr_pl; P_yr_pl; F_yr_pl"
"aaaa48","nleaves","nleaves_all",100,"midpoint","K_yr_pl; P_yr_pl; F_yr_pl"
"aaaa49","nleaves","nleaves_all",100,"midpoint","K_yr_pl; P_yr_pl; F_yr_pl"
"aaaa50","nleaves","nleaves_all",100,"midpoint","K_yr_pl; P_yr_pl; F_yr_pl"
"aaaa51","nleaves","nleaves_all",100,"midpoint","K_yr_pl; P_yr_pl; F_yr_pl"
"aaaa52","nleaves","nleaves_all",100,"midpoint","K_yr_pl; P_yr_pl; F_yr_pl"
"aaaa53","nleaves","nleaves_all",100,"midpoint","K_yr_pl; P_yr_pl; F_yr_pl"
"aaaa54","lnleaf","lnleaf_all",50,"midpoint","K; P; F"
"aaaa55","lnsize","lnsize_all",200,"midpoint","K_all_yr; K_yr; P_yr; F_yr; B_yr; B1_yr; B2_yr; B1C_yr; B2C_yr"
"aaaa56","logsize","logsize_all",50,"midpoint","K_tsf_ls_site_block; P_tsf_ls_site_block; F_tsf_ls_site_block; S_tsf_block; goSB_tsf_ls_site_block"
"aaaa57","logrosette","logrosette_all",50,"midpoint","K; P; F"
"aaaa58","logrosette","logrosette_all",50,"midpoint","K; P; F"
"aaaa59","logarea","logarea_alll",50,"midpoint","K; P; F"
"aaaa60","logarea","logarea_alll",50,"midpoint","K; P; F"
"aaaa61","size","size_all",1000,"midpoint","K; P; F"
"aaaa62","size","size_all",1000,"midpoint","K; P; F"
"aaaa63","size","size_all",1000,"midpoint","K; P; F"
"aaaa64","size","size_all",1000,"midpoint","K; P; F"
"aaaa65","size","size_all",1000,"midpoint","K; P; F"
"aaaa66","size","size_all",1000,"midpoint","K; P; F"
"aaaa67","size","size_all",1000,"midpoint","K; P; F"
"aaaa68","size","size_all",1000,"midpoint","K; P; F"
"aaaa69","size","size_all",1000,"midpoint","K; P; F"
"aaaa70","size","size_all",1000,"midpoint","K; P; F"
"aaaa71","size","size_all",1000,"midpoint","K; P; F"
"aaaa72","size","size_all",1000,"midpoint","K; P; F"
"aaaa73","size","size_all",1000,"midpoint","K; P; F"
"aaaa74","size","size_all",1000,"midpoint","K; P; F"
"aaaa75","size","size_all",1000,"midpoint","K; P; F"
"aaaa76","size","size_all",1000,"midpoint","K; P; F"
"aaaa77","size","size_all",1000,"midpoint","K; P; F"
"aaaa78","size","size_all",1000,"midpoint","K; P; F"
"aaaa79","size","size_all",1000,"midpoint","K; P; F"
"aaaa80","size","size_all",1000,"midpoint","K; P; F"
"aaaa81","size","size_all",1000,"midpoint","K; P; F"
"aaaa82","size","size_all",1000,"midpoint","K; P; F"
"aaaa83","size","size_all",1000,"midpoint","K; P; F"
"aaaa84","size","size_all",1000,"midpoint","K; P; F"
"aaaa85","size","size_all",1000,"midpoint","K; P; F"
"aaaa86","size","size_all",1000,"midpoint","K; P; F"
"aaaa87","size","size_all",1000,"midpoint","K; P; F"
"aaaa88","size","size_all",1000,"midpoint","K; P; F"
"aaaa89","size","size_all",1000,"midpoint","K; P; F"
"aaaa90","size","size_all",1000,"midpoint","K; P; F"
"aaaa91","size","size_all",1000,"midpoint","K; P; F"
"aaaa92","size","size_all",1000,"midpoint","K; P; F"
"aaaa93","size","size_all",1000,"midpoint","K; P; F"
"aaaa94","size","size_all",1000,"midpoint","K; P; F"
"aaaa95","size","size_all",1000,"midpoint","K; P; F"
"aaaa96","size","size_all",1000,"midpoint","K; P; F"
"aaaa97","size","size_all",1000,"midpoint","K; P; F"
"aaaa98","size","size_all",1000,"midpoint","K; P; F"
"aaaa99","size","size_all",1000,"midpoint","K; P; F"
"aaa100","size","size_all",1000,"midpoint","K; P; F"
"aaa101","size","size_all",1000,"midpoint","K; P; F"
"aaa102","size","size_all",1000,"midpoint","K; P; F"
"aaa103","size","size_all",1000,"midpoint","K; P; F"
"aaa104","size","size_all",1000,"midpoint","K; P; F"
"aaa105","size","size_all",1000,"midpoint","K; P; F"
"aaa106","size","size_all",1000,"midpoint","K; P; F"
"aaa107","size","size_all",1000,"midpoint","K; P; F"
"aaa108","size","size_all",1000,"midpoint","K; P; F"
"aaa109","size","size_all",1000,"midpoint","K; P; F"
"aaa110","size","size_all",1000,"midpoint","K; P; F"
"aaa111","size","size_all",1000,"midpoint","K; P; F"
"aaa112","size","size_all",1000,"midpoint","K; P; F"
"aaa113","size","size_all",1000,"midpoint","K; P; F"
"aaa114","size","size_all",1000,"midpoint","K; P; F"
"aaa115","size","size_all",1000,"midpoint","K; P; F"
"aaa116","size","size_all",1000,"midpoint","K; P; F"
"aaa117","size","size_all",1000,"midpoint","K; P; F"
"aaa118","size","size_all",1000,"midpoint","K; P; F"
"aaa119","size","size_all",1000,"midpoint","K; P; F"
"aaa120","size","size_all",1000,"midpoint","K; P; F"
"aaa121","size","size_all",1000,"midpoint","K; P; F"
"aaa122","size","size_all",1000,"midpoint","K; P; F"
"aaa123","size","size_all",1000,"midpoint","K; P; F"
"aaa124","size","size_all",1000,"midpoint","K; P; F"
"aaa125","size","size_all",1000,"midpoint","K; P; F"
"aaa126","size","size_all",1000,"midpoint","K; P; F"
"aaa127","size","size_all",1000,"midpoint","K; P; F"
"aaa128","size","size_all",1000,"midpoint","K; P; F"
"aaa129","size","size_all",1000,"midpoint","K; P; F"
"aaa130","size","size_all",1000,"midpoint","K; P; F"
"aaa131","size","size_all",1000,"midpoint","K; P; F"
"aaa132","size","size_all",1000,"midpoint","K; P; F"
"aaa133","size","size_all",1000,"midpoint","K; P; F"
"aaa134","size","size_all",1000,"midpoint","K; P; F"
"aaa135","size","size_all",1000,"midpoint","K; P; F"
"aaa136","size","size_all",1000,"midpoint","K; P; F"
"aaa137","size","size_all",1000,"midpoint","K; P; F"
"aaa138","size","size_all",1000,"midpoint","K; P; F"
"aaa139","size","size_all",1000,"midpoint","K; P; F"
"aaa140","size","size_all",1000,"midpoint","K; P; F"
"aaa141","size","size_all",1000,"midpoint","K; P; F"
"aaa142","size","size_all",1000,"midpoint","K; P; F"
"aaa143","size","size_all",1000,"midpoint","K; P; F"
"aaa144","size","size_all",1000,"midpoint","K; P; F"
"aaa145","size","size_all",1000,"midpoint","K; P; F"
"aaa146","size","size_all",1000,"midpoint","K; P; F"
"aaa147","size","size_all",1000,"midpoint","K; P; F"
"aaa148","size","size_all",1000,"midpoint","K; P; F"
"aaa149","size","size_all",1000,"midpoint","K; P; F"
"aaa150","size","size_all",1000,"midpoint","K; P; F"
"aaa151","size","size_all",1000,"midpoint","K; P; F"
"aaa152","size","size_all",1000,"midpoint","K; P; F"
"aaa153","size","size_all",1000,"midpoint","K; P; F"
"aaa154","size","size_all",1000,"midpoint","K; P; F"
"aaa155","size","size_all",1000,"midpoint","K; P; F"
"aaa156","size","size_all",1000,"midpoint","K; P; F"
"aaa157","size","size_all",1000,"midpoint","K; P; F"
"aaa158","size","size_all",1000,"midpoint","K; P; F"
"aaa159","size","size_all",1000,"midpoint","K; P; F"
"aaa160","size","size_all",1000,"midpoint","K; P; F"
"aaa161","size","size_all",1000,"midpoint","K; P; F"
"aaa162","size","size_all",1000,"midpoint","K; P; F"
"aaa163","size","size_all",1000,"midpoint","K; P; F"
"aaa164","size","size_all",1000,"midpoint","K; P; F"
"aaa165","size","size_all",1000,"midpoint","K; P; F"
"aaa166","size","size_all",1000,"midpoint","K; P; F"
"aaa167","size","size_all",1000,"midpoint","K; P; F"
"aaa168","size","size_all",1000,"midpoint","K; P; F"
"aaa169","size","size_all",1000,"midpoint","K; P; F"
"aaa170","size","size_all",1000,"midpoint","K; P; F"
"aaa171","size","size_all",1000,"midpoint","K; P; F"
"aaa172","size","size_all",1000,"midpoint","K; P; F"
"aaa173","size","size_all",1000,"midpoint","K; P; F"
"aaa174","size","size_all",1000,"midpoint","K; P; F"
"aaa175","size","size_all",1000,"midpoint","K; P; F"
"aaa176","size","size_all",1000,"midpoint","K; P; F"
"aaa177","size","size_all",1000,"midpoint","K; P; F"
"aaa178","size","size_all",1000,"midpoint","K; P; F"
"aaa179","size","size_all",1000,"midpoint","K; P; F"
"aaa180","size","size_all",1000,"midpoint","K; P; F"
"aaa181","size","size_all",1000,"midpoint","K; P; F"
"aaa182","size","size_all",1000,"midpoint","K; P; F"
"aaa183","size","size_all",1000,"midpoint","K; P; F"
"aaa184","size","size_all",1000,"midpoint","K; P; F"
"aaa185","size","size_all",1000,"midpoint","K; P; F"
"aaa186","size","size_all",1000,"midpoint","K; P; F"
"aaa187","size","size_all",1000,"midpoint","K; P; F"
"aaa188","size","size_all",1000,"midpoint","K; P; F"
"aaa189","size","size_all",1000,"midpoint","K; P; F"
"aaa190","size","size_all",1000,"midpoint","K; P; F"
"aaa191","size","size_all",1000,"midpoint","K; P; F"
"aaa192","size","size_all",1000,"midpoint","K; P; F"
"aaa193","size","size_all",1000,"midpoint","K; P; F"
"aaa194","size","size_all",1000,"midpoint","K; P; F"
"aaa195","size","size_all",1000,"midpoint","K; P; F"
"aaa196","size","size_all",1000,"midpoint","K; P; F"
"aaa197","size","size_all",1000,"midpoint","K; P; F"
"aaa198","size","size_all",1000,"midpoint","K; P; F"
"aaa199","size","size_all",1000,"midpoint","K; P; F"
"aaa200","size","size_all",1000,"midpoint","K; P; F"
"aaa201","size","size_all",1000,"midpoint","K; P; F"
"aaa202","size","size_all",1000,"midpoint","K; P; F"
"aaa203","size","size_all",1000,"midpoint","K; P; F"
"aaa204","size","size_all",1000,"midpoint","K; P; F"
"aaa205","size","size_all",1000,"midpoint","K; P; F"
"aaa206","size","size_all",1000,"midpoint","K; P; F"
"aaa207","size","size_all",1000,"midpoint","K; P; F"
"aaa208","size","size_all",1000,"midpoint","K; P; F"
"aaa209","size","size_all",1000,"midpoint","K; P; F"
"aaa210","size","size_all",1000,"midpoint","K; P; F"
"aaa211","size","size_all",1000,"midpoint","K; P; F"
"aaa212","size","size_all",1000,"midpoint","K; P; F"
"aaa213","size","size_all",1000,"midpoint","K; P; F"
"aaa214","size","size_all",1000,"midpoint","K; P; F"
"aaa215","size","size_all",1000,"midpoint","K; P; F"
"aaa216","size","size_all",1000,"midpoint","K; P; F"
"aaa217","size","size_all",1000,"midpoint","K; P; F"
"aaa218","size","size_all",1000,"midpoint","K; P; F"
"aaa219","size","size_all",1000,"midpoint","K; P; F"
"aaa220","size","size_all",1000,"midpoint","K; P; F"
"aaa221","size","size_all",1000,"midpoint","K; P; F"
"aaa222","size","size_all",1000,"midpoint","K; P; F"
"aaa223","size","size_all",1000,"midpoint","K; P; F"
"aaa224","size","size_all",1000,"midpoint","K; P; F"
"aaa225","size","size_all",1000,"midpoint","K; P; F"
"aaa226","size","size_all",1000,"midpoint","K; P; F"
"aaa227","size","size_all",1000,"midpoint","K; P; F"
"aaa228","size","size_all",1000,"midpoint","K; P; F"
"aaa229","size","size_all",1000,"midpoint","K; P; F"
"aaa230","size","size_all",1000,"midpoint","K; P; F"
"aaa231","size","size_all",1000,"midpoint","K; P; F"
"aaa232","size","size_all",1000,"midpoint","K; P; F"
"aaa233","size","size_all",1000,"midpoint","K; P; F"
"aaa234","size","size_all",1000,"midpoint","K; P; F"
"aaa235","size","size_all",1000,"midpoint","K; P; F"
"aaa236","size","size_all",1000,"midpoint","K; P; F"
"aaa237","size","size_all",1000,"midpoint","K; P; F"
"aaa238","size","size_all",1000,"midpoint","K; P; F"
"aaa239","size","size_all",1000,"midpoint","K; P; F"
"aaa240","size","size_all",1000,"midpoint","K; P; F"
"aaa241","size","size_all",1000,"midpoint","K; P; F"
"aaa242","size","size_all",1000,"midpoint","K; P; F"
"aaa243","size","size_all",1000,"midpoint","K; P; F"
"aaa244","size","size_all",1000,"midpoint","K; P; F"
"aaa245","size","size_all",1000,"midpoint","K; P; F"
"aaa246","size","size_all",1000,"midpoint","K; P; F"
"aaa247","size","size_all",1000,"midpoint","K; P; F"
"aaa248","size","size_all",1000,"midpoint","K; P; F"
"aaa249","size","size_all",1000,"midpoint","K; P; F"
"aaa250","size","size_all",1000,"midpoint","K; P; F"
"aaa251","size","size_all",1000,"midpoint","K; P; F"
"aaa252","size","size_all",1000,"midpoint","K; P; F"
"aaa253","size","size_all",1000,"midpoint","K; P; F"
"aaa254","size","size_all",1000,"midpoint","K; P; F"
"aaa255","size","size_all",1000,"midpoint","K; P; F"
"aaa256","size","size_all",1000,"midpoint","K; P; F"
"aaa257","size","size_all",1000,"midpoint","K; P; F"
"aaa258","size","size_all",1000,"midpoint","K; P; F"
"aaa259","size","size_all",1000,"midpoint","K; P; F"
"aaa260","size","size_all",1000,"midpoint","K; P; F"
"aaa261","size","size_all",1000,"midpoint","K; P; F"
"aaa262","size","size_all",1000,"midpoint","K; P; F"
"aaa263","size","size_all",1000,"midpoint","K; P; F"
"aaa264","size","size_all",1000,"midpoint","K; P; F"
"aaa265","size","size_all",1000,"midpoint","K; P; F"
"aaa266","size","size_all",1000,"midpoint","K; P; F"
"aaa267","size","size_all",1000,"midpoint","K; P; F"
"aaa268","size","size_all",1000,"midpoint","K; P; F"
"aaa269","size","size_all",1000,"midpoint","K; P; F"
"aaa270","size","size_all",1000,"midpoint","K; P; F"
"aaa271","size","size_all",1000,"midpoint","K; P; F"
"aaa272","size","size_all",1000,"midpoint","K; P; F"
"aaa273","size","size_all",1000,"midpoint","K; P; F"
"aaa274","size","size_all",1000,"midpoint","K; P; F"
"aaa275","size","size_all",1000,"midpoint","K; P; F"
"aaa276","size","size_all",1000,"midpoint","K; P; F"
"aaa277","size","size_all",1000,"midpoint","K; P; F"
"aaa278","size","size_all",1000,"midpoint","K; P; F"
"aaa279","size","size_all",1000,"midpoint","K; P; F"
"aaa280","size","size_all",1000,"midpoint","K; P; F"
"aaa281","size","size_all",1000,"midpoint","K; P; F"
"aaa282","size","size_all",1000,"midpoint","K; P; F"
"aaa283","size","size_all",1000,"midpoint","K; P; F"
"aaa284","size","size_all",1000,"midpoint","K; P; F"
"aaa285","size","size_all",1000,"midpoint","K; P; F"
"aaa286","size","size_all",1000,"midpoint","K; P; F"
"aaa287","size","size_all",1000,"midpoint","K; P; F"
"aaa288","size","size_all",1000,"midpoint","K; P; F"
"aaa289","size","size_all",1000,"midpoint","K; P; F"
"aaa290","size","size_all",1000,"midpoint","K; P; F"
"aaa291","size","size_all",1000,"midpoint","K; P; F"
"aaa292","size","size_all",1000,"midpoint","K; P; F"
"aaa293","size","size_all",1000,"midpoint","K; P; F"
"aaa294","size","size_all",1000,"midpoint","K; P; F"
"aaa295","size","size_all",1000,"midpoint","K; P; F"
"aaa296","size","size_all",1000,"midpoint","K; P; F"
"aaa297","size","size_all",1000,"midpoint","K; P; F"
"aaa298","size","size_all",1000,"midpoint","K; P; F"
"aaa299","size","size_all",1000,"midpoint","K; P; F"
"aaa300","size","size_all",1000,"midpoint","K; P; F"
"aaa301","size","size_all",1000,"midpoint","K; P; F"
"aaa302","size","size_all",1000,"midpoint","K; P; F"
"aaa303","size","size_all",1000,"midpoint","K; P; F"
"aaa304","size","size_all",1000,"midpoint","K; P; F"
"aaa305","size","size_all",1000,"midpoint","K; P; F"
"aaa306","size","size_all",1000,"midpoint","K; P; F"
"aaa307","size","size_all",1000,"midpoint","K; P; F"
"aaa308","size","size_all",1000,"midpoint","K; P; F"
"aaa309","size","size_all",1000,"midpoint","K; P; F"
"aaa310","size","size_all",1000,"midpoint","K; P; F"
"aaa311","size","size_all",1000,"midpoint","K_sp; P_sp; F_sp"
"aaa312","size","size_all",100,"midpoint","K_yr; P_yr; F_yr"
"aaa313","size","size_all",100,"midpoint","K_yr; P_yr; F_yr"
"aaa314","size","size_all",100,"midpoint","K_yr; P_yr; F_yr"
"aaa315","size","size_all",100,"midpoint","K_yr; P_yr; F_yr"
"aaa316","size","size_all",100,"midpoint","K_yr; P_yr; F_yr"
"aaa317","size","size_all",100,"midpoint","K_yr; P_yr; F_yr"
"aaa318","size","size_all",100,"midpoint","K_yr; P_yr; F_yr"
"aaa319","size","size_all",1000,"midpoint","K_h_c; P0_h_c; P1_h_c; F_h_c"
"aaa320","size","size_all",1000,"midpoint","K_h_c; P0_h_c; P1_h_c; F_h_c"
"aaa321","size","size_all",100,"midpoint","K_yr; P_yr; C_yr"
"aaa322","size","size_all",100,"midpoint","K; P; F"
"aaa323","size","size_all",100,"midpoint","K; P; F"
"aaa324","size","size_all",100,"midpoint","K; P; F; C"
"aaa325","size","size_all",80,"midpoint","K_yr; P_yr; F_yr"
"aaa326","size","size_all",100,"midpoint","K; P; F"
"aaa327","size","size_all",NA,NA,"K; P; F"
"aaa328","rcd","rcd_all",80,"midpoint","K; P; F"
"aaa329","rcd","rcd_all",80,"midpoint","K; P; F"
"aaa330","size","size_all",250,"midpoint","K; P; F"
"aaa331","size","size_all",250,"midpoint","K; P; F"
"aaa332","lnrosette","lnrosette_all",100,"midpoint","K; P; F"
"aaa333","lnrosette","lnrosette_all",100,"midpoint","K; P; F"
"aaa334","size","size_single",500,"midpoint","K_fire_PG_PH; Psingle_fire_PG_PH; Pramet_fire_PG_PH; GSR_fire_PG_PH; F_fire_PG_PH; C_fire_PG_PH"
"aaa334","size","size_ramet",500,"midpoint","K_fire_PG_PH; Psingle_fire_PG_PH; Pramet_fire_PG_PH; GSR_fire_PG_PH; F_fire_PG_PH; C_fire_PG_PH"
"aaa335","dbh","dbh_all",100,"midpoint","K_all; K; P; F; C"
"aaa336","dbh","dbh_all",100,"midpoint","K_all; K; P; F; C"
"aaa337","size","size_all",500,"midpoint",NA
"aaa338","size","size_all",500,"midpoint",NA
"aaa339","size","size_all",500,"midpoint",NA
"aaa340","size","size_all",500,"midpoint",NA
"aaa341","size","size_all",500,"midpoint","K; P; F"
"aaa342","size","size_all",500,"midpoint","K; P; F"
"aaa343","size","size_all",1000,"midpoint","K_en; P_en; F_en"
"aaa344","lnCV","lnCV_all",400,"midpoint","K_yr; P_yr; F_yr"
"aaa345","lnCV","lnCV_all",400,"midpoint","K_yr; P_yr; F_yr"
"aaa346","lnsize","lnsize_all",200,"midpoint","K; P; F"
"aaa347","lnsize","lnsize_all",200,"midpoint","K; P; F"
"aaa348","lnsize","lnsize_all",200,"midpoint","K; P; F"
"aaa349","lnsize","lnsize_all",100,"midpoint","K; P; F"
"aaa350","lnsize","lnsize_all",100,"midpoint","K; P; F"
"aaa351","lnsize","lnsize_all",100,"midpoint","K; P; F"
"aaa352","lnsize","lnsize_all",100,"midpoint","K; P; F"
"aaa353","lnsize","lnsize_all",100,"midpoint","K; P; F"
"aaa354","lnsize","lnsize_all",100,"midpoint","K; P; F"
"aaa355","lnsize","lnsize_all",100,"midpoint","K; P; F"
"aaa356","lnsize","lnsize_all",100,"midpoint","K; P; F"
"aaa357","lnsize","lnsize_all",100,"midpoint","K; P; F"
"aaa358","lnsize","lnsize_all",100,"midpoint","K; P; F"
"aaa359","lnsize","lnsize_all",100,"midpoint","K; P; F"
"aaa360","lnsize","lnsize_all",100,"midpoint","K; P; F"
"aaa361","lnsize","lnsize_all",100,"midpoint","K; P; F"
"aaa362","lnsize","lnsize_all",100,"midpoint","K; P; F"
"aaa363","lnsize","lnsize_all",100,"midpoint","K; P; F"
"aaa364","lnsize","lnsize_all",100,"midpoint","K; P; F"
"aaa365","lnsize","lnsize_all",100,"midpoint","K; P; F"
"aaa366","lnsize","lnsize_all",100,"midpoint","K; P; F"
"aaa367","lnsize","lnsize_all",100,"midpoint","K; P; F"
"aaa368","lnsize","lnsize_all",100,"midpoint","K; P; F"
"aaa369","lnsize","lnsize_all",100,"midpoint","K; P; F"
"aaa370","lnsize","lnsize_all",100,"midpoint","K; P; F"
"aaa371","lnsize","lnsize_all",100,"midpoint","K; P; F"
"aaa372","lnsize","lnsize_all",100,"midpoint","K; P; F"
"aaa373","lnsize","lnsize_all",100,"midpoint","K; P; F"
"aaa374","lnsize","lnsize_all",100,"midpoint","K; P; F"
"aaa375","lnsize","lnsize_all",100,"midpoint","K; P; F"
"aaa376","lnsize","lnsize_all",100,"midpoint","K; P; F"
"aaa377","lnsize","lnsize_all",100,"midpoint","K; P; F"
"aaa378","lnsize","lnsize_all",100,"midpoint","K; P; F"
"aaa379","lnsize","lnsize_all",100,"midpoint","K; P; F"
"aaa380","lnsize","lnsize_all",100,"midpoint","K; P; F"
"aaa381","lnD","lnD_all",200,"midpoint","K_all_yr_site; K_yr_site; P_yr_site; F_yr_site"
"aaa382","lnD","lnD_all",200,"midpoint","K_all_yr_site; K_yr_site; P_yr_site; F_yr_site"
"aaa383","lnD","lnD_all",200,"midpoint","K_all_yr_site; K_yr_site; P_yr_site; F_yr_site"
"aaa384","Rvol","Rvol_all",50,"midpoint","K_yr; P_yr; F_yr"
"aaa385","height","height_all",50,"midpoint","K; P; F"
"aaa386","height","height_all",50,"midpoint","K; P; F"
"aaa387","height","height_all",50,"midpoint","K; P; F"
"aaa388","height","height_all",50,"midpoint","K; P; F"
"aaa389","lnmass","lnmass_all",100,"midpoint","K; P; F"
"aaa390","lnmass","lnmass_all",100,"midpoint","K; P; F"
"aaa391","lnmass","lnmass_all",100,"midpoint","K; P; F"
"aaa392","lnmass","lnmass_all",100,"midpoint","K; P; F"
"bbbbb0","size","all_size",NA,NA,"K_yr; P_yr; F_yr"
"bbbbb1","size","all_size",NA,NA,"K_yr; P_yr; F_yr"
"bbbbb2","size","all_size",NA,NA,"K_yr; P_yr; F_yr"
"bbbbb3","size","all_size",NA,NA,"K_yr; P_yr; F_yr"
"bbbbb4","size","all_size",NA,NA,"K_yr; P_yr; F_yr"
"bbbbb5","size","all_size",NA,NA,"K_yr; P_yr; F_yr"
"bbbbb6","size","all_size",NA,NA,"K_yr; P_yr; F_yr"
"bbbbb7","size","all_size",100,"midpoint","K; P; F"
"bbbbb8","dbh","all_dbh",1500,"trapezoidal","K; P; F"
"bbbbb9","dbh","all_dbh",1500,"trapezoidal","K; P; F"
"bbbb10","dbh","all_dbh",1500,"trapezoidal","K; P; F"
"bbbb11","dbh","all_dbh",1500,"trapezoidal","K; P; F"
"bbbb12","dbh","all_dbh",1500,"trapezoidal","K; P; F"
"bbbb13","dbh","all_dbh",1500,"trapezoidal","K; P; F"
"bbbb14","dbh","all_dbh",1500,"trapezoidal","K; P; F"
"bbbb15","dbh","all_dbh",1500,"trapezoidal","K; P; F"
"bbbb16","dbh","all_dbh",1500,"trapezoidal","K; P; F"
"bbbb17","dbh","all_dbh",1500,"trapezoidal","K; P; F"
"bbbb18","dbh","all_dbh",1500,"trapezoidal","K; P; F"
"bbbb19","dbh","all_dbh",1500,"trapezoidal","K; P; F"
"bbbb20","dbh","all_dbh",1500,"trapezoidal","K; P; F"
"bbbb21","size","all_size",100,"midpoint","K_yr; P_yr; F_yr; C_yr; B1_yr"
"bbbb22","size","all_size",100,"midpoint","K_yr; P_yr; F_yr; C_yr; B1_yr"
"bbbb23","size","all_size",100,"midpoint","K_yr; P_yr; F_yr; C_yr; B1_yr"
"bbbb24","size","all_size",100,"midpoint","K_yr; P_yr; F_yr; C_yr; B1_yr"
"bbbb25","size","all_size",100,"midpoint","K_yr; P_yr; F_yr; C_yr; B1_yr"
"bbbb26","size","all_size",100,"midpoint","K_yr; P_yr; F_yr; C_yr; B1_yr"
"bbbb27","size","all_size",100,"midpoint","K_yr; P_yr; F_yr; C_yr; B1_yr"
"bbbb28","size","all_size",100,"midpoint","K_yr; P_yr; F_yr; C_yr; B1_yr"
"bbbb29","size","all_size",100,"midpoint","K_yr; P_yr; F_yr; C_yr; B1_yr"
"bbbb30","size","all_size",100,"midpoint","K_yr; P_yr; F_yr; C_yr; B1_yr"
"bbbb31","size","all_size",100,"midpoint","K_yr; P_yr; F_yr; C_yr; B1_yr"
"bbbb32","size","all_size",100,"midpoint","K_yr; P_yr; F_yr; C_yr; B1_yr"
"bbbb33","size","all_size",100,"midpoint","K_yr; P_yr; F_yr; C_yr; B1_yr"
"bbbb34","size","all_size",100,"midpoint","K_yr; P_yr; F_yr; C_yr; B1_yr"
"bbbb35","size","all_size",100,"midpoint","K_yr; P_yr; F_yr; C_yr; B1_yr"
"bbbb36","size","all_size",100,"midpoint","K_yr; P_yr; F_yr; C_yr; B1_yr"
"bbbb37","size","all_size",100,"midpoint","K_yr; P_yr; F_yr; C_yr; B1_yr"
"bbbb38","size","all_size",100,"midpoint","K_yr; P_yr; F_yr; C_yr; B1_yr"
"bbbb39","size","all_size",100,"midpoint","K_yr; P_yr; F_yr; C_yr; B1_yr"
"bbbb40","size","all_size",100,"midpoint","K_yr; P_yr; F_yr; C_yr; B1_yr"
"bbbb41","size","all_size",100,"midpoint","K_yr; P_yr; F_yr; C_yr; B1_yr"
"bbbb42","size","all_size",100,"midpoint","K_yr; P_yr; F_yr; C_yr; B1_yr"
"bbbb43","size","all_size",100,"midpoint","K_yr; P_yr; F_yr; C_yr; B1_yr"
"bbbb44","size","all_size",100,"midpoint","K_yr; P_yr; F_yr; C_yr; B1_yr"
"bbbb45","size","all_size",100,"midpoint","K_yr; P_yr; F_yr; C_yr; B1_yr"
"bbbb46","size","all_size",100,"midpoint","K_yr; P_yr; F_yr; C_yr; B1_yr"
"bbbb47","size","all_size",100,"midpoint","K_yr; P_yr; F_yr; C_yr; B1_yr"
"bbbb48","size","all_size",100,"midpoint","K_yr; P_yr; F_yr; C_yr; B1_yr"
"bbbb49","size","all_size",100,"midpoint","K_yr; P_yr; F_yr; C_yr; B1_yr"
"bbbb50","size","all_size",100,"midpoint","K_yr; P_yr; F_yr; C_yr; B1_yr"
"bbbb51","size","all_size",100,"midpoint","K_yr; P_yr; F_yr; C_yr; B1_yr"
"bbbb52","size","all_size",100,"midpoint","K_yr; P_yr; F_yr; C_yr; B1_yr"
"bbbb53","size","all_size",100,"midpoint","K_yr; P_yr; F_yr; C_yr; B1_yr"
"bbbb54","size","all_size",100,"midpoint","K_yr; P_yr; F_yr; C_yr; B1_yr"
"bbbb55","size","all_size",100,"midpoint","K_yr; P_yr; F_yr; C_yr; B1_yr"
"bbbb56","size","all_size",100,"midpoint","K_yr; P_yr; F_yr; C_yr; B1_yr"
"bbbb57","size","all_size",100,"midpoint","K_yr; P_yr; F_yr; C_yr; B1_yr"
"bbbb58","size","all_size",100,"midpoint","K_yr; P_yr; F_yr; C_yr; B1_yr"
"bbbb59","size","all_size",100,"midpoint","K_yr; P_yr; F_yr; C_yr; B1_yr"
"bbbb60","size","all_size",100,"midpoint","K_yr; P_yr; F_yr; C_yr; B1_yr"
"bbbb61","size","all_size",100,"midpoint","K_yr; P_yr; F_yr; C_yr; B1_yr"
"bbbb62","size","all_size",100,"midpoint","K_yr; P_yr; F_yr; C_yr; B1_yr"
"bbbb63","size","all_size",100,"midpoint","K_yr; P_yr; F_yr; C_yr; B1_yr"
"bbbb64","size","all_size",100,"midpoint","K_yr; P_yr; F_yr; C_yr; B1_yr"
"bbbb65","size","all_size",100,"midpoint","K_yr; P_yr; F_yr; C_yr; B1_yr"
"bbbb66","size","all_size",100,"midpoint","K_yr; P_yr; F_yr; C_yr; B1_yr"
"bbbb67","size","all_size",100,"midpoint","K_yr; P_yr; F_yr; C_yr; B1_yr"
"bbbb68","size","all_size",100,"midpoint","K_yr; P_yr; F_yr; C_yr; B1_yr"
"bbbb69","size","all_size",100,"midpoint","K_yr; P_yr; F_yr; C_yr; B1_yr"
"bbbb70","size","all_size",100,"midpoint","K_yr; P_yr; F_yr; C_yr; B1_yr"
